,time_s,flux,flux_err,delta_t
395359,231602700.39827392,9107.404296875,32.995819091796875,879.99
395360,231602740.397881,9005.990234375,32.8952751159668,40.0
395361,231602760.39768317,8887.3544921875,32.837440490722656,20.0
