,time_s,flux,flux_err,delta_t
344324,230462008.429667,9066.0751953125,31.737640380859375,699.99
344325,230462048.429352,8985.66796875,31.62920379638672,40.0
344326,230462088.42903948,8992.8720703125,31.652442932128906,40.0
344327,230462448.42621452,8959.4033203125,31.64558219909668,360.0
