,time_s,flux,flux_err,delta_t
230519,227943959.0073947,7654.37353515625,34.07041931152344,660.0
230520,227943979.00730532,7673.56787109375,34.045135498046875,20.0
