,time_s,flux,flux_err,delta_t
395293,231597260.45214045,8990.6337890625,32.62040328979492,799.99
395294,231597820.44657612,8983.0078125,32.69967269897461,559.99
395295,231597840.4463759,9017.3740234375,32.70161056518555,20.0
395296,231597860.4461782,8922.6201171875,32.603782653808594,20.0
395297,231597880.44597793,9034.3935546875,32.72781753540039,20.0
395298,231597900.4457802,9067.15625,32.74027633666992,20.0
395299,231597920.44558248,8974.138671875,32.684078216552734,20.0
395300,231597940.44538218,8983.859375,32.676788330078125,20.0
395301,231597960.4451845,8953.79296875,32.674903869628906,20.0
