,time_s,flux,flux_err,delta_t
286289,229168255.33801842,7728.67333984375,32.440948486328125,1039.99
