,time_s,flux,flux_err,delta_t
343637,230442548.58457306,8885.453125,33.067474365234375,819.99
343638,230442568.58441305,8978.1630859375,33.116432189941406,20.0
343639,230442588.5842505,8930.78515625,33.1056022644043,20.0
343640,230442608.5840905,8939.59765625,33.10182571411133,20.0
