,time_s,flux,flux_err,delta_t
396682,231638940.0493724,8987.6064453125,33.07962417602539,2599.98
396683,231639060.04824388,8937.927734375,33.025672912597656,120.0
