,time_s,flux,flux_err,delta_t
395302,231599200.43288234,8929.7470703125,32.71213912963867,1239.99
395303,231599240.43248686,9012.4853515625,32.770652770996094,40.0
395304,231599260.4322866,8942.337890625,32.73406219482422,20.0
395305,231599300.43189114,8958.560546875,32.76801681518555,40.0
395306,231599320.43169343,9076.1826171875,32.806087493896484,20.0
395307,231599340.43149567,8957.65234375,32.74079132080078,20.0
