,time_s,flux,flux_err,delta_t
395679,231613940.28827164,9052.2763671875,33.00499725341797,819.99
395680,231613960.2880789,9017.892578125,32.90171432495117,20.0
395681,231613980.28788364,8944.919921875,32.93923568725586,20.0
395682,231614000.28769097,9056.072265625,32.94269561767578,20.0
