,time_s,flux,flux_err,delta_t
838757,241294380.29997376,7415.13427734375,30.553598403930664,2819.99
