,time_s,flux,flux_err,delta_t
838768,241296200.29633287,7430.2890625,30.70705223083496,920.0
838769,241296220.2962935,7489.31201171875,30.685325622558594,20.0
838770,241296240.2962541,7353.8701171875,30.579750061035156,20.0
838771,241296260.2962147,7465.69580078125,30.65963363647461,20.0
838772,241296280.29617536,7490.345703125,30.663467407226562,20.0
838773,241296300.29613596,7413.9921875,30.624414443969727,20.0
838774,241296320.29609653,7464.580078125,30.73411750793457,20.0
838775,241296340.29605713,7463.17138671875,30.703886032104492,20.0
838776,241296640.29545602,7528.34033203125,30.743989944458008,300.0
