,time_s,flux,flux_err,delta_t
396877,231654959.90007797,8882.9873046875,32.24745178222656,999.99
