,time_s,flux,flux_err,delta_t
499929,233961059.21014866,9200.7099609375,33.034690856933594,699.99
