,time_s,flux,flux_err,delta_t
1309628,253805665.50581273,8234.044921875,34.98622512817383,1380.0
1309629,253805685.50586912,8286.537109375,35.037288665771484,20.0
1309630,253805705.50592542,8192.4375,34.97416305541992,20.0
1309631,253805725.5059818,8249.65234375,35.069095611572266,20.0
1309632,253805745.5060382,8236.2275390625,35.0230598449707,20.0
1309633,253805765.50609452,8241.4296875,35.01842498779297,20.0
