,time_s,flux,flux_err,delta_t
286970,229194175.16704577,7848.44384765625,31.9515380859375,1779.99
286971,229194575.16448286,7771.12744140625,31.896831512451172,400.0
286972,229194635.16409886,7829.40966796875,31.87811279296875,60.0
286973,229194815.1629471,7955.63232421875,32.001922607421875,180.0
286974,229194835.1628174,7877.1591796875,31.927810668945312,20.0
286975,229195015.16166556,7848.728515625,31.894546508789062,180.0
286976,229195035.1615359,7750.361328125,31.873939514160156,20.0
286977,229195075.16128162,7820.18310546875,31.876039505004883,40.0
