,time_s,flux,flux_err,delta_t
448531,232823589.96214068,9212.654296875,32.90573501586914,919.99
448532,232823649.96152234,9359.0830078125,33.0587043762207,60.0
