,time_s,flux,flux_err,delta_t
230532,227951718.97337276,7715.77197265625,32.75874710083008,4719.98
230533,227951778.97311458,7740.53125,32.78947448730469,60.0
230534,227951798.9730302,7733.47314453125,32.76820755004883,20.0
230535,227951818.97294077,7724.2890625,32.753334045410156,20.0
