,time_s,flux,flux_err,delta_t
344322,230461288.43531936,8922.658203125,31.6250057220459,1519.99
344323,230461308.4351618,8959.8505859375,31.66370391845703,20.0
