,time_s,flux,flux_err,delta_t
396744,231648999.95529616,8782.3212890625,32.44612121582031,3279.97
396745,231649079.95455295,8912.2333984375,32.56504440307617,80.0
396746,231649099.95436785,8935.2548828125,32.58677291870117,20.0
396747,231649119.95418015,8934.2900390625,32.56965255737305,20.0
396748,231649139.953995,8998.08203125,32.60881423950195,20.0
396749,231649339.95213586,8882.248046875,32.505340576171875,200.0
